id,name,email,phone,city
1,Dell Limeburn,dlimeburn0@sitemeter.com,4508324248,Licheng
2,Denys Bonniface,dbonniface1@chron.com,4826385748,Hirosaki
3,Vassily Youles,vyoules2@netlog.com,7423013088,Qingtong
4,Tynan Jagielski,tjagielski3@wired.com,3309421511,Nongoma
5,Jarvis Etoile,jetoile4@so-net.ne.jp,7384822308,Aimin
6,Mylo Farens,mfarens5@sakura.ne.jp,9005406124,Ciranca Satu
7,Kermie Idale,kidale6@jalbum.net,8997153872,Yamaranguila
8,Griselda Monteith,gmonteith7@amazon.com,3785094243,Jalinan
9,Mariele Harman,mharman8@sohu.com,1982316777,Gongfang
10,Waylin Balaizot,wbalaizot9@altervista.org,7145172973,Hamburg
11,Guglielmo Issakov,gissakova@statcounter.com,4563104638,Umm Şalāl ‘Alī
12,Sheffield Kingsnod,skingsnodb@nsw.gov.au,2453543393,Druzhny
13,Hetti Heliar,hheliarc@joomla.org,9125306683,Balīlā
14,Audry Beernaert,abeernaertd@amazon.de,6317801334,Diavatá
15,Mel Eisig,meisige@loc.gov,7466560663,Zaña